build,adapter,stage,repeat,width,height,game_start_s,game_end_s,frames,wall_s,fps,mean_frame_ms,p95_frame_ms,p99_frame_ms,bullets_min,bullets_mean,bullets_max,dropped,mode,collision_ticks,build_ms_per_tick,query_ms_per_tick,collision_ms_per_tick,candidates_per_tick,pool_timing,spawn_calls,release_calls,inspected_slots,spawn_ms,release_ms
Release,"NVIDIA GeForce RTX 3080 Laptop GPU",3,1,1920,1080,16.9833,21.9833,11566,5.00035,2313.04,0.432332,0.5207,0.6311,2976,3090.51,3216,0,live_fixed60_instanced_grid_godmode_noinput_hud_bgmoff_scan,0,0,0,0,0,0,0,0,0,0,0
Release,"NVIDIA GeForce RTX 3080 Laptop GPU",3,1,1920,1080,16.9833,22,11380,5.00036,2275.84,0.439399,0.5265,0.6413,2976,3090.34,3216,0,live_fixed60_instanced_grid_godmode_noinput_hud_bgmoff_heap,0,0,0,0,0,0,0,0,0,0,0
Release,"NVIDIA GeForce RTX 3080 Laptop GPU",3,1,1920,1080,16.9833,21.9833,11312,5.00004,2262.38,0.442012,0.5315,0.6444,2976,3090.02,3216,0,live_fixed60_instanced_grid_godmode_noinput_hud_bgmoff_scan,0,0,0,0,0,1,4550,4552,7881124,2.0779,0.0723
Release,"NVIDIA GeForce RTX 3080 Laptop GPU",3,1,1920,1080,16.9833,22,11294,5.00036,2258.64,0.442745,0.5187,0.6275,2976,3090.26,3216,0,live_fixed60_instanced_grid_godmode_noinput_hud_bgmoff_heap,0,0,0,0,0,1,4550,4561,0,0.3609,0.2491
Release,"NVIDIA GeForce RTX 3080 Laptop GPU",3,2,1920,1080,16.9833,21.9833,10912,5.00011,2182.35,0.458221,0.5374,0.6447,2976,3090.1,3216,0,live_fixed60_instanced_grid_godmode_noinput_hud_bgmoff_heap,0,0,0,0,0,0,0,0,0,0,0
Release,"NVIDIA GeForce RTX 3080 Laptop GPU",3,2,1920,1080,16.9833,22,10607,5.00033,2121.26,0.471418,0.5549,0.6524,2976,3090.04,3216,0,live_fixed60_instanced_grid_godmode_noinput_hud_bgmoff_scan,0,0,0,0,0,0,0,0,0,0,0
Release,"NVIDIA GeForce RTX 3080 Laptop GPU",3,2,1920,1080,16.9833,22,10133,5.00013,2026.55,0.49345,0.6071,0.7701,2976,3090.76,3216,0,live_fixed60_instanced_grid_godmode_noinput_hud_bgmoff_heap,0,0,0,0,0,1,4550,4561,0,0.38,0.3098
Release,"NVIDIA GeForce RTX 3080 Laptop GPU",3,2,1920,1080,16.9833,22,9912,5.00014,1982.34,0.504454,0.6221,0.7559,2976,3090.31,3216,0,live_fixed60_instanced_grid_godmode_noinput_hud_bgmoff_scan,0,0,0,0,0,1,4550,4561,7881124,2.4084,0.0834
Release,"NVIDIA GeForce RTX 3080 Laptop GPU",3,3,1920,1080,16.9833,22,9611,5.00023,1922.11,0.520261,0.6322,0.7287,2976,3089.68,3216,0,live_fixed60_instanced_grid_godmode_noinput_hud_bgmoff_scan,0,0,0,0,0,0,0,0,0,0,0
Release,"NVIDIA GeForce RTX 3080 Laptop GPU",3,3,1920,1080,16.9833,21.9833,9475,5.00005,1894.98,0.52771,0.6417,0.7395,2976,3089.71,3216,0,live_fixed60_instanced_grid_godmode_noinput_hud_bgmoff_heap,0,0,0,0,0,0,0,0,0,0,0
Release,"NVIDIA GeForce RTX 3080 Laptop GPU",3,3,1920,1080,16.9833,21.9833,8969,5.00025,1793.71,0.557504,0.686,0.813,2976,3090.4,3216,0,live_fixed60_instanced_grid_godmode_noinput_hud_bgmoff_scan,0,0,0,0,0,1,4550,4552,7881124,2.5275,0.0887
Release,"NVIDIA GeForce RTX 3080 Laptop GPU",3,3,1920,1080,16.9833,22,9108,5.0005,1821.42,0.549023,0.6567,0.7488,2976,3090.05,3216,0,live_fixed60_instanced_grid_godmode_noinput_hud_bgmoff_heap,0,0,0,0,0,1,4550,4561,0,0.4501,0.3691
