build,adapter,stage,repeat,width,height,game_start_s,game_end_s,frames,wall_s,fps,mean_frame_ms,p95_frame_ms,p99_frame_ms,bullets_min,bullets_mean,bullets_max,dropped,mode
Release,"NVIDIA GeForce RTX 3080 Laptop GPU",1,1,1920,1080,16.9833,22,19141,5.00019,3828.05,0.261229,0.3268,0.4255,56,62.0784,67,0,live_fixed60_individual_grid_godmode_noinput_hud_bgmoff
Release,"NVIDIA GeForce RTX 3080 Laptop GPU",1,1,1920,1080,16.9833,22,18501,5.00025,3700.01,0.270269,0.4037,0.5399,56,62.0613,67,0,live_fixed60_instanced_grid_godmode_noinput_hud_bgmoff
Release,"NVIDIA GeForce RTX 3080 Laptop GPU",2,1,1920,1080,16.9833,21.9833,19567,5.00008,3913.34,0.255536,0.3199,0.4119,40,45.4031,50,0,live_fixed60_individual_grid_godmode_noinput_hud_bgmoff
Release,"NVIDIA GeForce RTX 3080 Laptop GPU",2,1,1920,1080,16.9833,22,18061,5.00024,3612.03,0.276853,0.451,0.5913,40,45.4623,50,0,live_fixed60_instanced_grid_godmode_noinput_hud_bgmoff
Release,"NVIDIA GeForce RTX 3080 Laptop GPU",3,1,1920,1080,16.9833,22,4229,5.00095,845.64,1.18254,1.4189,1.6062,2976,3089.93,3216,0,live_fixed60_individual_grid_godmode_noinput_hud_bgmoff
Release,"NVIDIA GeForce RTX 3080 Laptop GPU",3,1,1920,1080,16.9833,22,10487,5.00031,2097.27,0.47681,0.5825,0.6809,2976,3089.83,3216,0,live_fixed60_instanced_grid_godmode_noinput_hud_bgmoff
Release,"NVIDIA GeForce RTX 3080 Laptop GPU",1,2,1920,1080,16.9833,22,18006,5.00028,3601,0.277701,0.3633,0.4643,56,62.0623,67,0,live_fixed60_instanced_grid_godmode_noinput_hud_bgmoff
Release,"NVIDIA GeForce RTX 3080 Laptop GPU",1,2,1920,1080,16.9833,21.9833,16455,5.00001,3290.99,0.30386,0.3758,0.4668,56,62.0813,67,0,live_fixed60_individual_grid_godmode_noinput_hud_bgmoff
Release,"NVIDIA GeForce RTX 3080 Laptop GPU",2,2,1920,1080,16.9833,22,14381,5.00019,2876.09,0.347694,0.5119,0.6429,40,45.3734,50,0,live_fixed60_instanced_grid_godmode_noinput_hud_bgmoff
Release,"NVIDIA GeForce RTX 3080 Laptop GPU",2,2,1920,1080,16.9833,22,15693,5.00028,3138.43,0.318631,0.4012,0.5215,40,45.3982,50,0,live_fixed60_individual_grid_godmode_noinput_hud_bgmoff
Release,"NVIDIA GeForce RTX 3080 Laptop GPU",3,2,1920,1080,16.9833,22,8947,5.00048,1789.23,0.5589,0.6789,0.8142,2976,3089.6,3216,0,live_fixed60_instanced_grid_godmode_noinput_hud_bgmoff
Release,"NVIDIA GeForce RTX 3080 Laptop GPU",3,2,1920,1080,16.9833,21.9833,3244,5.00132,648.629,1.54171,1.8928,2.448,2976,3089.91,3216,0,live_fixed60_individual_grid_godmode_noinput_hud_bgmoff
Release,"NVIDIA GeForce RTX 3080 Laptop GPU",1,3,1920,1080,16.9833,21.9833,14107,5.0001,2821.34,0.354441,0.4637,0.5687,56,62.0573,67,0,live_fixed60_individual_grid_godmode_noinput_hud_bgmoff
Release,"NVIDIA GeForce RTX 3080 Laptop GPU",1,3,1920,1080,16.9833,21.9833,14406,5.0001,2881.14,0.347085,0.4649,0.6649,56,62.1402,67,0,live_fixed60_instanced_grid_godmode_noinput_hud_bgmoff
Release,"NVIDIA GeForce RTX 3080 Laptop GPU",2,3,1920,1080,16.9833,22,14682,5.00031,2936.22,0.340574,0.4275,0.5325,40,45.4092,50,0,live_fixed60_individual_grid_godmode_noinput_hud_bgmoff
Release,"NVIDIA GeForce RTX 3080 Laptop GPU",2,3,1920,1080,16.9833,21.9833,15216,5.00008,3043.15,0.328607,0.416,0.5194,40,45.4288,50,0,live_fixed60_instanced_grid_godmode_noinput_hud_bgmoff
Release,"NVIDIA GeForce RTX 3080 Laptop GPU",3,3,1920,1080,16.9833,22,3248,5.00076,649.501,1.53964,1.7932,1.966,2976,3088.97,3216,0,live_fixed60_individual_grid_godmode_noinput_hud_bgmoff
Release,"NVIDIA GeForce RTX 3080 Laptop GPU",3,3,1920,1080,16.9833,22,8159,5.00031,1631.7,0.612858,0.7589,0.9181,2976,3090.13,3216,0,live_fixed60_instanced_grid_godmode_noinput_hud_bgmoff
